{
 "pi.0.weight": [
  [
   -0.7450547218322754,
   0.0023607586044818163,
   -0.7496166229248047
  ],
  [
   -0.4746948480606079,
   -0.028570178896188736,
   0.25079798698425293
  ],
  [
   0.07266121357679367,
   0.7374690175056458,
   -1.5772287845611572
  ],
  [
   0.10959349572658539,
   0.5921181440353394,
   -1.29723060131073
  ],
  [
   0.23456253111362457,
   -0.009770877659320831,
   -0.8211349248886108
  ],
  [
   -0.2290927767753601,
   -0.0558464378118515,
   0.5459739565849304
  ],
  [
   0.2548648715019226,
   -0.023934099823236465,
   -0.14471717178821564
  ],
  [
   -0.14826655387878418,
   0.005887897219508886,
   -0.04541659355163574
  ],
  [
   -0.45378854870796204,
   -0.12368112802505493,
   0.8137360215187073
  ],
  [
   1.0107766389846802,
   -0.05218939110636711,
   -1.1111844778060913
  ],
  [
   -0.30869409441947937,
   -0.06325150281190872,
   -0.7648597359657288
  ],
  [
   0.5018720626831055,
   0.09780275821685791,
   -1.3754138946533203
  ],
  [
   -0.811513364315033,
   0.02173074521124363,
   -0.19971978664398193
  ],
  [
   1.2189807891845703,
   0.16447961330413818,
   -1.472343921661377
  ],
  [
   0.924954354763031,
   -0.13220587372779846,
   -0.667302668094635
  ],
  [
   -0.520104169845581,
   -0.10198810696601868,
   0.7640283703804016
  ],
  [
   -0.46692267060279846,
   -0.13109536468982697,
   0.7519792318344116
  ],
  [
   0.13459357619285583,
   -0.017874417826533318,
   -0.28066471219062805
  ],
  [
   0.9172281622886658,
   0.2380864918231964,
   -0.5874501466751099
  ],
  [
   -0.40907222032546997,
   -0.0346468947827816,
   0.179493248462677
  ],
  [
   -0.9096565842628479,
   0.008435067720711231,
   -0.1498785763978958
  ],
  [
   0.4075348973274231,
   -0.055449143052101135,
   -0.12527260184288025
  ],
  [
   0.02506766840815544,
   0.017273375764489174,
   0.2586468458175659
  ],
  [
   1.779415249824524,
   -0.005953218787908554,
   -0.42973417043685913
  ],
  [
   -0.17188115417957306,
   0.2925108075141907,
   0.3268996775150299
  ],
  [
   -1.1914315223693848,
   0.4042365252971649,
   0.06954297423362732
  ],
  [
   0.16746866703033447,
   -0.02127368375658989,
   -0.46923381090164185
  ],
  [
   0.5510227084159851,
   -0.032240692526102066,
   -0.7052596211433411
  ],
  [
   0.13310864567756653,
   -0.08426841348409653,
   -0.05279490724205971
  ],
  [
   -0.5145191550254822,
   -0.2155962437391281,
   0.49457669258117676
  ]
 ],
 "pi.0.bias": [
  -1.6619861125946045,
  0.9017623066902161,
  -0.5904408097267151,
  -0.6492620706558228,
  -1.850496768951416,
  0.07084154337644577,
  0.3120272755622864,
  -1.4131160974502563,
  0.1318853497505188,
  -0.4857829511165619,
  -2.221069574356079,
  -0.35242414474487305,
  -1.727826714515686,
  -1.1429476737976074,
  -0.7223666906356812,
  0.30020982027053833,
  0.26317551732063293,
  -0.8184479475021362,
  -2.2456064224243164,
  0.8642842173576355,
  -0.6032021641731262,
  0.22980444133281708,
  -0.38190165162086487,
  -2.2483181953430176,
  0.7139196395874023,
  -2.7606399059295654,
  -0.9509943723678589,
  -1.7165709733963013,
  0.26824843883514404,
  0.6403193473815918
 ],
 "pi.2.weight": [
  [
   -0.8392478227615356,
   0.22107210755348206,
   -1.2759602069854736,
   1.807782530784607,
   -2.3486008644104004,
   -0.1756257861852646,
   0.5504692196846008,
   1.3725600242614746,
   -0.42080792784690857,
   -1.3122681379318237,
   0.9091042280197144,
   1.2487951517105103,
   -0.3127397894859314,
   -0.9440946578979492,
   1.9607512950897217,
   0.5224412679672241,
   0.35568705201148987,
   -0.04832964390516281,
   6.4033427238464355,
   0.4751049280166626,
   -0.18301348388195038,
   0.10009409487247467,
   -0.1604238897562027,
   13.42197036743164,
   -0.15887215733528137,
   -2.7702741622924805,
   -0.6024542450904846,
   3.705951690673828,
   0.11232227087020874,
   -0.5555242300033569
  ]
 ],
 "pi.2.bias": [
  -0.35067319869995117
 ]
}