{
 "pi.0.weight": [
  [
   -0.8652219176292419,
   -0.001960829831659794,
   -0.18198852241039276
  ],
  [
   -0.36218440532684326,
   -0.6327148079872131,
   0.7626311182975769
  ],
  [
   -0.09408532828092575,
   -0.14806059002876282,
   0.06303159147500992
  ],
  [
   0.47283247113227844,
   -1.574402093887329,
   -0.8281586766242981
  ],
  [
   -0.06408504396677017,
   -0.6232424974441528,
   0.5743780136108398
  ],
  [
   -1.8453130722045898,
   -2.8681535720825195,
   0.233473002910614
  ],
  [
   0.14466752111911774,
   0.20579707622528076,
   -0.27865123748779297
  ],
  [
   0.4011472165584564,
   0.20605236291885376,
   0.35791927576065063
  ],
  [
   -2.9660704135894775,
   -0.832904577255249,
   -0.35933753848075867
  ],
  [
   0.2877615690231323,
   -0.6833885908126831,
   -0.555796205997467
  ],
  [
   -0.35123899579048157,
   0.21974679827690125,
   0.2662428915500641
  ],
  [
   0.8515273332595825,
   -0.030384816229343414,
   -0.3167418837547302
  ],
  [
   0.42407160997390747,
   2.038848876953125,
   -0.563387393951416
  ],
  [
   -0.30429670214653015,
   0.7933979034423828,
   0.8356708288192749
  ],
  [
   -0.06971830874681473,
   -0.03355903923511505,
   -0.5279908180236816
  ],
  [
   0.030315399169921875,
   1.0860692262649536,
   0.19186590611934662
  ],
  [
   -0.3269217014312744,
   -0.000724910874851048,
   0.2407427430152893
  ],
  [
   0.24208298325538635,
   -0.7864627242088318,
   -0.051807701587677
  ],
  [
   0.32357552647590637,
   0.1463722288608551,
   0.21024750173091888
  ],
  [
   -0.9398512840270996,
   0.07710728049278259,
   -0.46707332134246826
  ],
  [
   0.089899942278862,
   -0.6807604432106018,
   -0.39868131279945374
  ],
  [
   -0.6629953384399414,
   -0.4240376055240631,
   -0.47557052969932556
  ],
  [
   0.0068108621053397655,
   0.004103800281882286,
   0.1587129831314087
  ],
  [
   -2.213027000427246,
   0.3628177046775818,
   -1.2986407279968262
  ],
  [
   0.04487109184265137,
   0.09113990515470505,
   0.42581358551979065
  ],
  [
   -0.49215930700302124,
   -0.012255069799721241,
   -0.4994143843650818
  ],
  [
   -0.5337421894073486,
   0.06213930621743202,
   -0.19303028285503387
  ],
  [
   0.3315708637237549,
   -0.2548593282699585,
   -1.6639190912246704
  ],
  [
   0.38923507928848267,
   0.9642593264579773,
   -1.1819794178009033
  ],
  [
   0.15678094327449799,
   2.367095470428467,
   -0.707997739315033
  ]
 ],
 "pi.0.bias": [
  -0.462079256772995,
  0.5733692049980164,
  0.5834463238716125,
  -0.5107768177986145,
  0.5029788017272949,
  -0.8312361836433411,
  0.6573716998100281,
  -0.32818928360939026,
  -1.1708787679672241,
  -1.7444740533828735,
  1.2192177772521973,
  0.6456149816513062,
  -0.7704820036888123,
  -1.791891098022461,
  -1.116819977760315,
  0.4069673418998718,
  -0.5676405429840088,
  0.3431221544742584,
  -0.22638274729251862,
  0.4933221638202667,
  -0.2656441926956177,
  0.510073721408844,
  -0.5334650874137878,
  1.2035783529281616,
  0.29949238896369934,
  -1.0900180339813232,
  0.23342525959014893,
  -0.9545885324478149,
  -0.9828987717628479,
  -1.0200902223587036
 ],
 "pi.2.weight": [
  [
   1.6455124616622925,
   1.0407086610794067,
   -0.2402838170528412,
   0.18337059020996094,
   -0.5801433324813843,
   0.3693721294403076,
   -0.27645960450172424,
   -0.451881468296051,
   -4.328640937805176,
   0.8693867921829224,
   -0.36051881313323975,
   0.6324884295463562,
   3.5111000537872314,
   1.236122965812683,
   0.8267728686332703,
   0.3603867292404175,
   -0.005181442480534315,
   -0.30842122435569763,
   -0.17874068021774292,
   1.4157090187072754,
   -0.6008935570716858,
   0.8149267435073853,
   0.013093037530779839,
   -0.9338569045066833,
   -0.13324898481369019,
   0.5308718085289001,
   1.4284884929656982,
   0.8004851937294006,
   -1.7189878225326538,
   -2.286752700805664
  ]
 ],
 "pi.2.bias": [
  -0.2529789209365845
 ]
}