{
 "pi.0.weight": [
  [
   3.1292247772216797,
   0.9112131595611572,
   -2.148674964904785
  ],
  [
   0.8823944926261902,
   -1.1828886270523071,
   -1.089574933052063
  ],
  [
   0.4516661465167999,
   1.143248200416565,
   -0.18782560527324677
  ],
  [
   2.7651021480560303,
   3.0556883811950684,
   -0.8080398440361023
  ],
  [
   2.032500743865967,
   -1.7655599117279053,
   -3.9882004261016846
  ],
  [
   2.666081428527832,
   2.9545185565948486,
   -0.10477330535650253
  ],
  [
   1.9977309703826904,
   0.3780097961425781,
   0.1586858332157135
  ],
  [
   0.2820621430873871,
   1.2877391576766968,
   -0.10756810009479523
  ],
  [
   -1.8340576887130737,
   -1.9449703693389893,
   -0.6016993522644043
  ],
  [
   -2.587822437286377,
   -1.5284085273742676,
   -0.5663714408874512
  ],
  [
   1.2422887086868286,
   3.267223596572876,
   0.3944922983646393
  ],
  [
   0.9746630787849426,
   -0.04303740710020065,
   -0.5707088708877563
  ],
  [
   0.5362052917480469,
   0.03683629631996155,
   -0.28717687726020813
  ],
  [
   5.336141109466553,
   -0.08708060532808304,
   -2.965616464614868
  ],
  [
   2.586766004562378,
   2.7643699645996094,
   -0.06874750554561615
  ],
  [
   -1.1926910877227783,
   3.1880381107330322,
   -1.1092652082443237
  ],
  [
   -2.976994752883911,
   2.4618330001831055,
   5.033139705657959
  ],
  [
   2.9548773765563965,
   0.0029151777271181345,
   -0.35543957352638245
  ],
  [
   -0.7434214353561401,
   1.1499618291854858,
   -2.148803472518921
  ],
  [
   2.1685609817504883,
   4.060713768005371,
   -1.6349455118179321
  ],
  [
   1.3206515312194824,
   2.722574472427368,
   1.0782361030578613
  ],
  [
   -1.4720183610916138,
   6.7578020095825195,
   0.11305392533540726
  ],
  [
   -2.760006904602051,
   0.9907534122467041,
   2.5019562244415283
  ],
  [
   2.0237815380096436,
   5.272562503814697,
   1.3630725145339966
  ],
  [
   -1.5744730234146118,
   -1.0727072954177856,
   0.03749364987015724
  ],
  [
   -0.9832272529602051,
   -1.9011989831924438,
   -0.9456186890602112
  ],
  [
   2.980799913406372,
   2.3356122970581055,
   -0.11506017297506332
  ],
  [
   1.9044064283370972,
   0.021224873140454292,
   -1.933666706085205
  ],
  [
   -1.096415638923645,
   -1.6291815042495728,
   -0.18693973124027252
  ],
  [
   1.4419260025024414,
   2.0196492671966553,
   -1.0064256191253662
  ]
 ],
 "pi.0.bias": [
  0.018197249621152878,
  -0.42119425535202026,
  -2.390042304992676,
  -3.8152570724487305,
  -1.4451147317886353,
  -1.8638923168182373,
  0.42750418186187744,
  -1.0669238567352295,
  1.5516951084136963,
  0.6619129776954651,
  -7.068755149841309,
  -0.35362619161605835,
  -0.43327802419662476,
  -5.551540374755859,
  -0.6589595079421997,
  -0.8474603295326233,
  1.8559437990188599,
  -12.349759101867676,
  -1.4334279298782349,
  -1.3754671812057495,
  -3.890547513961792,
  -0.6296449899673462,
  5.066290378570557,
  -5.437873840332031,
  0.7319369316101074,
  -4.901056289672852,
  -5.331879615783691,
  -11.479055404663086,
  -3.672340154647827,
  -0.32153499126434326
 ],
 "pi.2.weight": [
  [
   1.1880178451538086,
   0.9424210786819458,
   -1.6084498167037964,
   1.3426482677459717,
   -1.933578372001648,
   -0.8434369564056396,
   -0.6569812893867493,
   -0.3658711910247803,
   1.2449469566345215,
   -0.6414380669593811,
   -3.6085877418518066,
   -1.4211505651474,
   -0.5282264947891235,
   1.0993528366088867,
   1.0543376207351685,
   -0.7489778995513916,
   -1.1742550134658813,
   4.577383518218994,
   0.699816882610321,
   0.39319613575935364,
   1.3408721685409546,
   0.22504819929599762,
   1.4711391925811768,
   1.6736705303192139,
   -0.11357254534959793,
   3.0309226512908936,
   1.7375330924987793,
   0.2006799578666687,
   -1.2562460899353027,
   -1.181918978691101
  ]
 ],
 "pi.2.bias": [
  -0.15601715445518494
 ]
}