{
 "pi.0.weight": [
  [
   -0.08294786512851715,
   1.129732370376587,
   0.04982291907072067
  ],
  [
   -1.1987723112106323,
   -0.8740395903587341,
   0.6031078100204468
  ],
  [
   -0.7408429980278015,
   -1.3710201978683472,
   -0.9218302369117737
  ],
  [
   0.32584086060523987,
   -0.3168889880180359,
   0.2284131646156311
  ],
  [
   0.0745442658662796,
   0.5377972722053528,
   0.2288876473903656
  ],
  [
   -1.4905142784118652,
   -1.3207324743270874,
   0.26562952995300293
  ],
  [
   -0.0974297896027565,
   0.4371718466281891,
   0.6259275078773499
  ],
  [
   1.159968614578247,
   -0.7972130179405212,
   0.3803550899028778
  ],
  [
   1.1171330213546753,
   -0.8811745643615723,
   0.3384004533290863
  ],
  [
   -2.9721944332122803,
   -2.4872307777404785,
   -0.6130143404006958
  ],
  [
   -1.4758561849594116,
   -1.5435125827789307,
   -0.1366332620382309
  ],
  [
   -2.2545807361602783,
   -0.06127424165606499,
   -0.4201875925064087
  ],
  [
   -1.0502448081970215,
   0.20287621021270752,
   -0.1763436198234558
  ],
  [
   -3.5434377193450928,
   -2.526874542236328,
   -0.6854753494262695
  ],
  [
   -0.048544883728027344,
   1.0412018299102783,
   -0.15123002231121063
  ],
  [
   -1.6173944473266602,
   -1.3115068674087524,
   -0.08131837099790573
  ],
  [
   -1.6362072229385376,
   -0.8559636473655701,
   0.5830297470092773
  ],
  [
   2.4748029708862305,
   2.455587863922119,
   -0.3071590065956116
  ],
  [
   -0.5923796892166138,
   -1.783210277557373,
   -0.2793010473251343
  ],
  [
   -0.3033807575702667,
   1.7568613290786743,
   -0.15157663822174072
  ],
  [
   -0.17301976680755615,
   1.3720836639404297,
   0.0002725527447182685
  ],
  [
   -2.1003265380859375,
   -0.72871994972229,
   0.06998685002326965
  ],
  [
   -1.0805686712265015,
   -0.19818009436130524,
   0.5568119883537292
  ],
  [
   0.6845661997795105,
   -0.5942517518997192,
   -0.18030311167240143
  ],
  [
   1.7570722103118896,
   0.22626690566539764,
   0.047160569578409195
  ],
  [
   0.9335865378379822,
   1.3919014930725098,
   -0.6162028312683105
  ],
  [
   -0.8047858476638794,
   -1.6833956241607666,
   -0.3474772572517395
  ],
  [
   1.9858437776565552,
   0.8569759726524353,
   -0.22096110880374908
  ],
  [
   -3.2870333194732666,
   -0.29402992129325867,
   -0.6077671647071838
  ],
  [
   0.06531896442174911,
   -0.2597087323665619,
   -0.19235247373580933
  ]
 ],
 "pi.0.bias": [
  0.5867365598678589,
  -0.23636986315250397,
  -0.9664137363433838,
  0.637405514717102,
  0.443117618560791,
  0.13286098837852478,
  -0.6632288694381714,
  -0.3472456634044647,
  -0.9789091348648071,
  0.4769180715084076,
  1.060097098350525,
  0.6850355863571167,
  -1.2409067153930664,
  0.5626423358917236,
  -1.6146557331085205,
  -0.8013373017311096,
  0.05824967473745346,
  -0.2660335302352905,
  -1.4747565984725952,
  -2.4191150665283203,
  -1.6634224653244019,
  0.8895298838615417,
  -0.1454032063484192,
  0.9050704836845398,
  -0.6964457631111145,
  -2.5930263996124268,
  -1.289617896080017,
  -3.022963762283325,
  1.0487269163131714,
  1.0487309694290161
 ],
 "pi.2.weight": [
  [
   0.3737339377403259,
   -0.7405561208724976,
   0.9216955304145813,
   0.39234811067581177,
   -1.1478670835494995,
   -1.5465539693832397,
   -0.5397586226463318,
   0.23220659792423248,
   0.7023823261260986,
   -2.289268732070923,
   0.33273279666900635,
   0.537743866443634,
   -0.5293183326721191,
   1.5897331237792969,
   -2.1112279891967773,
   3.0233407020568848,
   0.4245629906654358,
   0.5283045768737793,
   -1.1436214447021484,
   -2.943155288696289,
   7.542126655578613,
   1.1396502256393433,
   0.5766048431396484,
   0.35581642389297485,
   -1.0582144260406494,
   -3.1816909313201904,
   0.06128977984189987,
   1.8109502792358398,
   -1.0931206941604614,
   -0.3999318778514862
  ]
 ],
 "pi.2.bias": [
  -0.02551335282623768
 ]
}