{"phy_i_coef": [[0.004883899372829428, -0.0002783757757233037, -0.0028964127848784505, 0.0003109734119487393], [0.00014171512975994787, 0.002639176413894046, 6.8411362451718805e-06, -0.0016660219749745045]], "s_scaling": 1.0, "sin_scaling": 7.0}