{"phy_i_coef": [[0.005814008976401043, -0.001408097781089559, -0.0016082474418295553, -0.0001702183355398653], [0.002803128310088574, 0.004822095077365393, -9.717955355255901e-05, -0.0011515859971490835]], "s_scaling": 1.0, "sin_scaling": 7.0}