{"phy_i_coef": [[0.01105011910592794, 0.004779462563517304, -0.0024255183933575607, 5.079750726810794e-05], [-0.001256204619688538, 0.007757471394872772, -0.00012350058574460247, -0.0016597112513896189]], "s_scaling": 1.0, "sin_scaling": 7.0}