{"phy_i_coef": [[0.006036439268119378, -0.0018842340262572553, -0.011391550735298041, -0.000455467661831954], [0.0015306533035702257, 0.007545966304583746, 8.529028447244735e-05, -0.012271944038403522]], "phy_i_bias": [0.0010778589754901937, -0.006166195243763948], "s_scaling": 1.0, "sin_scaling": 10.0}