{"phy_i_coef": [-0.024378080500752557, -0.003229237402526039], "s_scaling": 1.0, "sin_scaling": 7.0}