{"weights": [0.15728610754013062, 0.001560160541534424, 0.02386050671339035], "bias": 0.05579447001218796}