{"phy_coef": 2175.9587893981434, "phy_i_coef_u": 2171.7632054282544, "phy_i_coef_s": 7274.250340039839, "speed_scaling": 20000}