{"phy_coef": 217.59587893981333, "phy_i_coef_u": 217.17632054282475, "phy_i_coef_s": 7274.250340039798, "speed_scaling": 20000}