{"weights": [0.15887596607208254, 0.0014517459869384766, 0.02187754660844803], "bias": 0.06385579705238342}