{
 "pi.0.weight": [
  [
   0.581791877746582,
   1.2942310571670532,
   -0.801781177520752
  ],
  [
   0.7332628965377808,
   -1.19596529006958,
   0.6129761934280396
  ],
  [
   -1.50105881690979,
   -0.5005744695663452,
   -0.7226848006248474
  ],
  [
   0.7952082753181458,
   2.026934862136841,
   -0.7001000642776489
  ],
  [
   -1.2928394079208374,
   -0.6514696478843689,
   0.29353004693984985
  ],
  [
   -0.31137189269065857,
   -0.4001041054725647,
   -0.07462319731712341
  ],
  [
   -2.1349382400512695,
   0.4721567928791046,
   0.988690197467804
  ],
  [
   0.5038096308708191,
   -1.8688647747039795,
   0.35354194045066833
  ],
  [
   -0.01897624135017395,
   0.006725503597408533,
   0.9654396176338196
  ],
  [
   0.011526687070727348,
   1.4105205535888672,
   -0.495603084564209
  ],
  [
   1.5292026996612549,
   1.3661898374557495,
   -0.956803023815155
  ],
  [
   -3.2964537143707275,
   0.2754005789756775,
   -0.507965087890625
  ],
  [
   -4.273621559143066,
   -0.14030513167381287,
   0.13481765985488892
  ],
  [
   0.7274066209793091,
   0.10222839564085007,
   0.9319517016410828
  ],
  [
   -1.7039573192596436,
   0.24530170857906342,
   -1.9701074361801147
  ],
  [
   -0.3979295790195465,
   0.23733772337436676,
   0.8514260053634644
  ],
  [
   0.13161002099514008,
   -0.7701587080955505,
   0.39656636118888855
  ],
  [
   -0.5561924576759338,
   -0.17047952115535736,
   -1.213786005973816
  ],
  [
   -0.35417112708091736,
   0.7444164752960205,
   0.31163156032562256
  ],
  [
   1.0036736726760864,
   0.270157128572464,
   -1.0264171361923218
  ],
  [
   -1.9514089822769165,
   0.8525747656822205,
   -1.228632926940918
  ],
  [
   -1.741820216178894,
   1.740587830543518,
   -0.8652281761169434
  ],
  [
   0.9139499664306641,
   -0.5944479703903198,
   0.19491629302501678
  ],
  [
   -2.9012293815612793,
   -0.4643089175224304,
   -1.4778454303741455
  ],
  [
   0.08509139716625214,
   -1.9902812242507935,
   0.9431537985801697
  ],
  [
   1.9761847257614136,
   -0.7572205662727356,
   -1.5617620944976807
  ],
  [
   1.4750690460205078,
   -0.3521398901939392,
   -0.562563955783844
  ],
  [
   1.858884572982788,
   1.774999737739563,
   -0.732153594493866
  ],
  [
   0.4079608619213104,
   3.0175836086273193,
   -0.7692708969116211
  ],
  [
   -1.132555365562439,
   1.16386878490448,
   -1.3957552909851074
  ]
 ],
 "pi.0.bias": [
  -1.7796170711517334,
  0.4377082288265228,
  -1.3348666429519653,
  0.5550910234451294,
  1.3782347440719604,
  0.5392305254936218,
  0.15621207654476166,
  -0.19231551885604858,
  -1.912813425064087,
  -0.209350124001503,
  0.9065274596214294,
  0.7740047574043274,
  -0.10020561516284943,
  -1.000802993774414,
  -0.18156349658966064,
  -1.0948048830032349,
  -0.34366947412490845,
  -2.5570497512817383,
  -1.3988643884658813,
  1.1642693281173706,
  -0.297057181596756,
  0.7584837675094604,
  0.6684896349906921,
  1.3272079229354858,
  -0.4400818943977356,
  0.7523495554924011,
  1.0712242126464844,
  -1.0671955347061157,
  0.4301902949810028,
  0.5196705460548401
 ],
 "pi.2.weight": [
  [
   6.3175435066223145,
   1.0254039764404297,
   -2.482806444168091,
   1.3950530290603638,
   -1.7169890403747559,
   -0.8288289904594421,
   1.4092059135437012,
   1.357776165008545,
   10.093414306640625,
   1.94358491897583,
   0.8640031218528748,
   1.4266047477722168,
   -0.4299691617488861,
   -2.667025327682495,
   1.6562423706054688,
   3.032554864883423,
   1.3388731479644775,
   2.083301305770874,
   -1.2460014820098877,
   1.4506042003631592,
   1.6527886390686035,
   0.8661292195320129,
   0.49010929465293884,
   -2.5005030632019043,
   -1.5154069662094116,
   -1.561044692993164,
   1.0398834943771362,
   -0.9333241581916809,
   -2.3159756660461426,
   -1.4093952178955078
  ]
 ],
 "pi.2.bias": [
  0.3421703279018402
 ]
}