{
 "pi.0.weight": [
  [
   2.526609420776367,
   1.3373942375183105,
   -0.5262207388877869
  ],
  [
   0.5897653102874756,
   0.4194409251213074,
   -0.4683268964290619
  ],
  [
   0.22333566844463348,
   1.58284592628479,
   0.01148728746920824
  ],
  [
   -0.07010003179311752,
   1.4566051959991455,
   -0.06284897774457932
  ],
  [
   -0.41414687037467957,
   0.7533109784126282,
   0.8710872530937195
  ],
  [
   -5.011764049530029,
   1.0544514656066895,
   0.8865553736686707
  ],
  [
   -2.0478146076202393,
   1.6233909130096436,
   -0.8394767642021179
  ],
  [
   -1.7137314081192017,
   -0.23340177536010742,
   -1.3691948652267456
  ],
  [
   -0.36079472303390503,
   -1.361724615097046,
   1.0005292892456055
  ],
  [
   -1.4280260801315308,
   3.002042293548584,
   -1.3763840198516846
  ],
  [
   0.6221182346343994,
   0.11464270204305649,
   0.1803448349237442
  ],
  [
   0.37464699149131775,
   -1.8397033214569092,
   -1.4597914218902588
  ],
  [
   0.08214078843593597,
   -0.006076193414628506,
   -0.7810546159744263
  ],
  [
   -7.94303560256958,
   -0.5726222395896912,
   -1.4721837043762207
  ],
  [
   -4.9849772453308105,
   -0.6996375322341919,
   -2.434760093688965
  ],
  [
   1.1296759843826294,
   0.027241675183176994,
   1.9605129957199097
  ],
  [
   -1.18305504322052,
   -1.7154409885406494,
   0.06183817982673645
  ],
  [
   0.27708810567855835,
   -0.10118880867958069,
   -0.5684513449668884
  ],
  [
   0.7317812442779541,
   0.13266673684120178,
   -0.08183450251817703
  ],
  [
   0.7499077320098877,
   -1.6564966440200806,
   -0.04076595604419708
  ],
  [
   -2.300992250442505,
   1.5036951303482056,
   -1.1987816095352173
  ],
  [
   0.8987935185432434,
   1.3067867257632315e-05,
   1.3099949359893799
  ],
  [
   -0.9467520713806152,
   1.7085038423538208,
   1.7623329162597656
  ],
  [
   -8.06308650970459,
   -0.616913914680481,
   -0.9796919822692871
  ],
  [
   -2.136579990386963,
   -1.3928234577178955,
   -2.347295045852661
  ],
  [
   0.5608222484588623,
   1.641907811164856,
   1.9608094692230225
  ],
  [
   0.050401851534843445,
   3.971574068069458,
   -0.2148103266954422
  ],
  [
   -0.06066618114709854,
   -1.7228251695632935,
   -2.105548143386841
  ],
  [
   0.3339150547981262,
   0.2517250180244446,
   -0.6554898023605347
  ],
  [
   -0.7981184720993042,
   -1.4577285051345825,
   -0.29108989238739014
  ]
 ],
 "pi.0.bias": [
  1.6590721607208252,
  2.304840564727783,
  1.1035690307617188,
  1.138471245765686,
  -0.4075503647327423,
  -1.2473869323730469,
  1.316224217414856,
  -3.315840244293213,
  -1.3977975845336914,
  0.4552463889122009,
  0.9825512170791626,
  1.8484375476837158,
  -0.5173822641372681,
  -3.3099758625030518,
  1.266971468925476,
  -1.66177499294281,
  1.3909873962402344,
  -1.9568268060684204,
  -1.5524342060089111,
  1.2732311487197876,
  1.274058222770691,
  -1.3080809116363525,
  -0.006756570655852556,
  -1.406326174736023,
  -0.824905276298523,
  -0.31980207562446594,
  1.6119029521942139,
  -1.246512770652771,
  -2.9740841388702393,
  1.3547587394714355
 ],
 "pi.2.weight": [
  [
   1.185990571975708,
   1.3724868297576904,
   1.350389838218689,
   1.7510019540786743,
   10.175268173217773,
   2.1007676124572754,
   3.4402267932891846,
   4.0511651039123535,
   2.081291437149048,
   -2.932650566101074,
   0.29378741979599,
   -3.182434320449829,
   1.857218861579895,
   1.9366530179977417,
   -1.911152958869934,
   1.9074084758758545,
   -1.0657905340194702,
   1.457261323928833,
   -4.7569966316223145,
   1.4063704013824463,
   1.3861360549926758,
   1.8362222909927368,
   16.720458984375,
   -4.68725061416626,
   2.291649341583252,
   -5.789717674255371,
   -1.7970504760742188,
   2.115858316421509,
   -2.932741403579712,
   -1.5923221111297607
  ]
 ],
 "pi.2.bias": [
  0.02312677539885044
 ]
}