{
 "pi.0.weight": [
  [
   0.02637997828423977,
   -0.03416099771857262,
   -0.6368804574012756
  ],
  [
   0.582156240940094,
   -0.48471876978874207,
   0.8167586326599121
  ],
  [
   0.7933283448219299,
   -0.2978367805480957,
   -1.4092532396316528
  ],
  [
   -0.755091667175293,
   0.44122159481048584,
   -0.22901205718517303
  ],
  [
   0.2590925097465515,
   0.0007299820426851511,
   0.866403341293335
  ],
  [
   0.3934435248374939,
   -0.06861846894025803,
   0.6625608801841736
  ],
  [
   -1.1267733573913574,
   -1.1262761354446411,
   0.6894394755363464
  ],
  [
   0.9486390948295593,
   0.024588337168097496,
   0.40869930386543274
  ],
  [
   -0.7120710611343384,
   -0.006182726006954908,
   0.266401469707489
  ],
  [
   0.21030108630657196,
   0.15096591413021088,
   0.8251098990440369
  ],
  [
   -1.3286962509155273,
   -0.010637055151164532,
   -0.6612590551376343
  ],
  [
   1.139878749847412,
   -0.4619591236114502,
   -0.4994139075279236
  ],
  [
   0.08292216062545776,
   0.061471324414014816,
   0.9348922967910767
  ],
  [
   -0.21642209589481354,
   -0.1454220861196518,
   0.07470673322677612
  ],
  [
   1.369802474975586,
   0.08985220640897751,
   -0.051954250782728195
  ],
  [
   -0.12581990659236908,
   0.4141700863838196,
   1.2028584480285645
  ],
  [
   -0.5311626195907593,
   0.010920624248683453,
   0.4010196030139923
  ],
  [
   -0.6917112469673157,
   0.01380636915564537,
   -0.32993629574775696
  ],
  [
   1.1257104873657227,
   0.33942756056785583,
   0.5284852385520935
  ],
  [
   -0.39628705382347107,
   -0.521554708480835,
   0.4193246066570282
  ],
  [
   1.1032230854034424,
   0.10062527656555176,
   0.13256631791591644
  ],
  [
   0.1673658937215805,
   0.24152913689613342,
   -0.8219624161720276
  ],
  [
   -0.010709330439567566,
   -0.04925033077597618,
   0.6476877927780151
  ],
  [
   0.6637740135192871,
   0.10024064034223557,
   -1.1896662712097168
  ],
  [
   -0.598914623260498,
   0.053329214453697205,
   0.4265891909599304
  ],
  [
   -0.11661720275878906,
   0.3256731629371643,
   -0.26543426513671875
  ],
  [
   1.2667279243469238,
   0.2948261499404907,
   -0.618419885635376
  ],
  [
   1.240164041519165,
   0.35123273730278015,
   -0.4664148986339569
  ],
  [
   1.5906803607940674,
   0.4944169819355011,
   -0.6014202833175659
  ],
  [
   -0.6677078604698181,
   0.5517414212226868,
   -1.266090750694275
  ]
 ],
 "pi.0.bias": [
  1.6557972431182861,
  0.8086435794830322,
  -0.9401894211769104,
  -3.9637670516967773,
  -0.34754401445388794,
  -0.29362884163856506,
  0.33388012647628784,
  -0.15243028104305267,
  -0.8301464915275574,
  -0.3250933289527893,
  0.045646507292985916,
  1.473889946937561,
  -0.12721030414104462,
  -1.2296943664550781,
  -1.7609144449234009,
  0.6306461691856384,
  -0.8706026673316956,
  -2.3859429359436035,
  -0.17097724974155426,
  0.32852116227149963,
  -1.8246699571609497,
  0.10597120970487595,
  -0.4154735803604126,
  0.45556896924972534,
  -0.4307909309864044,
  -3.1905736923217773,
  0.2646454870700836,
  0.04786888509988785,
  0.27826884388923645,
  -0.6758032441139221
 ],
 "pi.2.weight": [
  [
   -0.42590174078941345,
   0.9678226113319397,
   -2.26908278465271,
   -2.336190700531006,
   -1.0924217700958252,
   -0.6037790179252625,
   -0.9603028297424316,
   0.5921676754951477,
   0.196710467338562,
   -1.1036791801452637,
   0.6126985549926758,
   -0.7901009321212769,
   -0.37095895409584045,
   1.0779494047164917,
   2.1130990982055664,
   1.0278240442276,
   0.08012498170137405,
   2.907827615737915,
   -1.2518051862716675,
   -0.11046688258647919,
   14.75426959991455,
   2.2862207889556885,
   0.32583051919937134,
   1.260223627090454,
   0.031631950289011,
   -1.4061380624771118,
   0.4159688651561737,
   1.0729479789733887,
   -1.2506054639816284,
   -0.8143113255500793
  ]
 ],
 "pi.2.bias": [
  -0.4725430905818939
 ]
}